{
  "final_avg_reward": 41966.60708074456,
  "final_detection_rate": 7.7,
  "best_episode_reward": 72825.89334865844,
  "best_detection_count": 18,
  "total_episodes": 50
}