{
  "final_avg_reward": 31926.703801239946,
  "final_detection_rate": 6.6,
  "best_episode_reward": 69001.55412164376,
  "best_detection_count": 14,
  "total_episodes": 50
}