{
  "final_avg_reward": 43657.184430951704,
  "final_detection_rate": 10.0,
  "best_episode_reward": 71278.30265477188,
  "best_detection_count": 19,
  "total_episodes": 50
}