{
  "final_avg_reward": 38943.24485708475,
  "final_detection_rate": 7.1,
  "best_episode_reward": 56866.408946531585,
  "best_detection_count": 16,
  "total_episodes": 50
}