{
  "final_avg_reward": 36763.94332018834,
  "final_detection_rate": 8.3,
  "best_episode_reward": 66899.78753758653,
  "best_detection_count": 16,
  "total_episodes": 50
}