{
  "final_avg_reward": 34349.78325893298,
  "final_detection_rate": 8.5,
  "best_episode_reward": 62105.65388689187,
  "best_detection_count": 14,
  "total_episodes": 50
}