{
  "final_avg_reward": 34629.02697065052,
  "final_detection_rate": 7.5,
  "best_episode_reward": 55104.63441508003,
  "best_detection_count": 13,
  "total_episodes": 50
}