{
  "final_avg_reward": 37128.97283410527,
  "final_detection_rate": 8.8,
  "best_episode_reward": 64413.94357939902,
  "best_detection_count": 14,
  "total_episodes": 50
}