{
  "final_avg_reward": 39125.374420214546,
  "final_detection_rate": 8.8,
  "best_episode_reward": 70261.43274351022,
  "best_detection_count": 16,
  "total_episodes": 50
}