{
  "final_avg_reward": 30456.64622460174,
  "final_detection_rate": 7.9,
  "best_episode_reward": 59080.61901228165,
  "best_detection_count": 14,
  "total_episodes": 50
}