{
  "final_avg_reward": 35059.27992043439,
  "final_detection_rate": 7.1,
  "best_episode_reward": 61456.257003563456,
  "best_detection_count": 15,
  "total_episodes": 50
}