{
  "final_avg_reward": 35734.34269923142,
  "final_detection_rate": 8.8,
  "best_episode_reward": 67187.83476561058,
  "best_detection_count": 19,
  "total_episodes": 50
}