{
  "final_avg_reward": 38629.32493486871,
  "final_detection_rate": 6.9,
  "best_episode_reward": 71869.82045772839,
  "best_detection_count": 15,
  "total_episodes": 50
}