{
  "final_avg_reward": 44338.65514830531,
  "final_detection_rate": 9.3,
  "best_episode_reward": 63708.38136694893,
  "best_detection_count": 15,
  "total_episodes": 50
}