{
  "final_avg_reward": 37260.478497216274,
  "final_detection_rate": 8.3,
  "best_episode_reward": 61723.471581624275,
  "best_detection_count": 14,
  "total_episodes": 50
}