{
  "final_avg_reward": 46833.78383052426,
  "final_detection_rate": 8.1,
  "best_episode_reward": 65114.013919926176,
  "best_detection_count": 16,
  "total_episodes": 50
}