{
  "final_avg_reward": 27611.729781295457,
  "final_detection_rate": 7.3,
  "best_episode_reward": 56250.65628255833,
  "best_detection_count": 14,
  "total_episodes": 50
}