{
  "final_avg_reward": 38759.20112701602,
  "final_detection_rate": 9.5,
  "best_episode_reward": 61084.02803881019,
  "best_detection_count": 16,
  "total_episodes": 50
}