{
  "final_avg_reward": 27993.327219361672,
  "final_detection_rate": 6.7,
  "best_episode_reward": 63979.23791800591,
  "best_detection_count": 12,
  "total_episodes": 50
}