{
  "final_avg_reward": 39644.84483905627,
  "final_detection_rate": 8.1,
  "best_episode_reward": 66665.09079045976,
  "best_detection_count": 14,
  "total_episodes": 50
}