{
  "final_avg_reward": 28462.02020770412,
  "final_detection_rate": 8.3,
  "best_episode_reward": 49065.804791529845,
  "best_detection_count": 16,
  "total_episodes": 50
}