{
  "final_avg_reward": 39760.608719707496,
  "final_detection_rate": 8.9,
  "best_episode_reward": 63167.80563166441,
  "best_detection_count": 19,
  "total_episodes": 50
}