{
  "final_avg_reward": 32351.392852770397,
  "final_detection_rate": 5.7,
  "best_episode_reward": 79254.41240273896,
  "best_detection_count": 15,
  "total_episodes": 50
}