{
  "final_avg_reward": 45128.25222624781,
  "final_detection_rate": 9.0,
  "best_episode_reward": 64828.223234375306,
  "best_detection_count": 16,
  "total_episodes": 50
}