{
  "final_avg_reward": 31265.61771786761,
  "final_detection_rate": 6.7,
  "best_episode_reward": 60859.39473224037,
  "best_detection_count": 14,
  "total_episodes": 50
}