{
  "final_avg_reward": 39919.23724582629,
  "final_detection_rate": 7.5,
  "best_episode_reward": 64980.89088712095,
  "best_detection_count": 13,
  "total_episodes": 50
}