{
  "final_avg_reward": 35121.59003165786,
  "final_detection_rate": 7.4,
  "best_episode_reward": 63706.08903142183,
  "best_detection_count": 18,
  "total_episodes": 50
}