{
  "final_avg_reward": 56699.73930750706,
  "final_detection_rate": 10.2,
  "best_episode_reward": 77406.56829756695,
  "best_detection_count": 15,
  "total_episodes": 50
}