{
  "final_avg_reward": 49049.300311365456,
  "final_detection_rate": 8.3,
  "best_episode_reward": 67171.79552396809,
  "best_detection_count": 15,
  "total_episodes": 50
}