{
  "final_avg_reward": 31883.639911127924,
  "final_detection_rate": 9.0,
  "best_episode_reward": 65343.768726927854,
  "best_detection_count": 17,
  "total_episodes": 50
}