{
  "final_avg_reward": 20694.536189466227,
  "final_detection_rate": 6.9,
  "best_episode_reward": 60259.61831948666,
  "best_detection_count": 15,
  "total_episodes": 50
}