{
  "final_avg_reward": 40618.71070344404,
  "final_detection_rate": 9.7,
  "best_episode_reward": 66608.18848858196,
  "best_detection_count": 15,
  "total_episodes": 50
}