{
  "final_avg_reward": 36067.41871710135,
  "final_detection_rate": 9.1,
  "best_episode_reward": 59114.09779072111,
  "best_detection_count": 13,
  "total_episodes": 50
}