{
  "final_avg_reward": 35921.85840904705,
  "final_detection_rate": 9.4,
  "best_episode_reward": 67912.86013234788,
  "best_detection_count": 20,
  "total_episodes": 50
}