{
  "final_avg_reward": 43279.556035056296,
  "final_detection_rate": 10.2,
  "best_episode_reward": 69419.74624711464,
  "best_detection_count": 17,
  "total_episodes": 50
}