{
  "final_avg_reward": 49469.96265734076,
  "final_detection_rate": 9.6,
  "best_episode_reward": 72505.34034542617,
  "best_detection_count": 15,
  "total_episodes": 50
}