{
  "final_avg_reward": 39624.59704332148,
  "final_detection_rate": 6.8,
  "best_episode_reward": 63614.906399020874,
  "best_detection_count": 14,
  "total_episodes": 50
}