{
  "final_avg_reward": 45979.17045763428,
  "final_detection_rate": 9.0,
  "best_episode_reward": 66802.86656352908,
  "best_detection_count": 14,
  "total_episodes": 50
}