{
  "final_avg_reward": 48751.72549990996,
  "final_detection_rate": 10.2,
  "best_episode_reward": 81890.65408975932,
  "best_detection_count": 18,
  "total_episodes": 50
}