{
  "final_avg_reward": 48968.04241260635,
  "final_detection_rate": 9.4,
  "best_episode_reward": 69749.73740455085,
  "best_detection_count": 19,
  "total_episodes": 50
}