{
  "final_avg_reward": 40982.593130951966,
  "final_detection_rate": 6.2,
  "best_episode_reward": 69195.78734720925,
  "best_detection_count": 16,
  "total_episodes": 50
}