{
  "final_avg_reward": 35606.04465156478,
  "final_detection_rate": 9.3,
  "best_episode_reward": 61044.780317558776,
  "best_detection_count": 13,
  "total_episodes": 50
}