{
  "final_avg_reward": 45288.69157567115,
  "final_detection_rate": 9.9,
  "best_episode_reward": 71801.05773573279,
  "best_detection_count": 15,
  "total_episodes": 50
}