{
  "final_avg_reward": 33685.09850363993,
  "final_detection_rate": 6.6,
  "best_episode_reward": 64074.438455986034,
  "best_detection_count": 14,
  "total_episodes": 50
}