{
  "final_avg_reward": 36582.75365832116,
  "final_detection_rate": 7.0,
  "best_episode_reward": 62642.448389065095,
  "best_detection_count": 17,
  "total_episodes": 50
}