{
  "final_avg_reward": 37127.160481224266,
  "final_detection_rate": 8.9,
  "best_episode_reward": 69491.52500883781,
  "best_detection_count": 20,
  "total_episodes": 50
}