{
  "final_avg_reward": 36451.32899036804,
  "final_detection_rate": 9.6,
  "best_episode_reward": 73590.29246286138,
  "best_detection_count": 20,
  "total_episodes": 50
}