{
  "final_avg_reward": 41570.01053315105,
  "final_detection_rate": 7.5,
  "best_episode_reward": 65050.290210348736,
  "best_detection_count": 15,
  "total_episodes": 50
}