{
  "final_avg_reward": 40979.941283213484,
  "final_detection_rate": 7.9,
  "best_episode_reward": 68105.65588546476,
  "best_detection_count": 18,
  "total_episodes": 50
}