{
  "final_avg_reward": 33771.228693600424,
  "final_detection_rate": 7.1,
  "best_episode_reward": 61847.55996461036,
  "best_detection_count": 17,
  "total_episodes": 50
}