{
  "final_avg_reward": 35678.83373035343,
  "final_detection_rate": 7.9,
  "best_episode_reward": 61603.88405016486,
  "best_detection_count": 13,
  "total_episodes": 50
}