{
  "final_avg_reward": 27055.41972619883,
  "final_detection_rate": 8.7,
  "best_episode_reward": 59673.23975059055,
  "best_detection_count": 14,
  "total_episodes": 50
}