{
  "final_avg_reward": 37418.049227343254,
  "final_detection_rate": 7.2,
  "best_episode_reward": 67164.40186898064,
  "best_detection_count": 18,
  "total_episodes": 50
}