{
  "final_avg_reward": 27112.965549367655,
  "final_detection_rate": 6.5,
  "best_episode_reward": 54390.36854838566,
  "best_detection_count": 15,
  "total_episodes": 50
}