{
  "final_avg_reward": 35445.382622100005,
  "final_detection_rate": 8.6,
  "best_episode_reward": 72120.63016631857,
  "best_detection_count": 13,
  "total_episodes": 50
}