{
  "final_avg_reward": 31983.991366721475,
  "final_detection_rate": 8.8,
  "best_episode_reward": 69498.19271015502,
  "best_detection_count": 20,
  "total_episodes": 50
}