{
  "final_avg_reward": 51543.4508157272,
  "final_detection_rate": 11.3,
  "best_episode_reward": 66936.68058037286,
  "best_detection_count": 17,
  "total_episodes": 50
}