{
  "final_avg_reward": 53650.113962565876,
  "final_detection_rate": 10.0,
  "best_episode_reward": 82949.98213579351,
  "best_detection_count": 18,
  "total_episodes": 50
}