{
  "final_avg_reward": 49198.189892587456,
  "final_detection_rate": 8.6,
  "best_episode_reward": 63982.2863138441,
  "best_detection_count": 14,
  "total_episodes": 50
}