{
  "final_avg_reward": 47212.77600991963,
  "final_detection_rate": 10.6,
  "best_episode_reward": 78370.0651530903,
  "best_detection_count": 16,
  "total_episodes": 50
}