{
  "final_avg_reward": 41296.82676239495,
  "final_detection_rate": 8.1,
  "best_episode_reward": 62785.87128549193,
  "best_detection_count": 19,
  "total_episodes": 50
}