{
  "final_avg_reward": 37605.07086927867,
  "final_detection_rate": 8.3,
  "best_episode_reward": 61321.73714326673,
  "best_detection_count": 13,
  "total_episodes": 50
}