{
  "final_avg_reward": 44496.37472173257,
  "final_detection_rate": 7.7,
  "best_episode_reward": 66050.70358646281,
  "best_detection_count": 14,
  "total_episodes": 50
}