{
  "final_avg_reward": 45355.930761978896,
  "final_detection_rate": 7.2,
  "best_episode_reward": 72427.18050152063,
  "best_detection_count": 13,
  "total_episodes": 50
}