{
  "final_avg_reward": 52937.67748070719,
  "final_detection_rate": 10.4,
  "best_episode_reward": 66888.48441966785,
  "best_detection_count": 17,
  "total_episodes": 50
}