{
  "final_avg_reward": 33138.46432385384,
  "final_detection_rate": 6.8,
  "best_episode_reward": 62380.10171473666,
  "best_detection_count": 15,
  "total_episodes": 50
}