{
  "final_avg_reward": 34873.93192313577,
  "final_detection_rate": 11.1,
  "best_episode_reward": 63137.98777119436,
  "best_detection_count": 15,
  "total_episodes": 50
}