{
  "final_avg_reward": 47122.05861866426,
  "final_detection_rate": 10.8,
  "best_episode_reward": 69084.81931753944,
  "best_detection_count": 19,
  "total_episodes": 50
}