{
  "final_avg_reward": 37033.763150147126,
  "final_detection_rate": 9.7,
  "best_episode_reward": 59203.40573923958,
  "best_detection_count": 14,
  "total_episodes": 50
}