{
  "final_avg_reward": 34137.50993615437,
  "final_detection_rate": 7.2,
  "best_episode_reward": 61157.041086622055,
  "best_detection_count": 14,
  "total_episodes": 50
}