{
  "final_avg_reward": 36236.68897512425,
  "final_detection_rate": 7.9,
  "best_episode_reward": 56131.60352389641,
  "best_detection_count": 12,
  "total_episodes": 50
}