{
  "final_avg_reward": 42474.330084491594,
  "final_detection_rate": 11.2,
  "best_episode_reward": 61443.723768074844,
  "best_detection_count": 18,
  "total_episodes": 50
}