{
  "final_avg_reward": 39228.1985316853,
  "final_detection_rate": 8.3,
  "best_episode_reward": 64431.230380447894,
  "best_detection_count": 15,
  "total_episodes": 50
}