{
  "final_avg_reward": 37905.055007838295,
  "final_detection_rate": 7.3,
  "best_episode_reward": 63799.821278767544,
  "best_detection_count": 13,
  "total_episodes": 50
}