{
  "final_avg_reward": 33261.620388323776,
  "final_detection_rate": 7.4,
  "best_episode_reward": 65890.47147401875,
  "best_detection_count": 15,
  "total_episodes": 50
}