{
  "final_avg_reward": 37648.86881695346,
  "final_detection_rate": 8.7,
  "best_episode_reward": 57563.97184230359,
  "best_detection_count": 16,
  "total_episodes": 50
}