{
  "final_avg_reward": 39135.62525874689,
  "final_detection_rate": 9.4,
  "best_episode_reward": 67847.95521169923,
  "best_detection_count": 19,
  "total_episodes": 50
}