{
  "final_avg_reward": 40232.71059617382,
  "final_detection_rate": 8.8,
  "best_episode_reward": 68081.02332444064,
  "best_detection_count": 15,
  "total_episodes": 50
}