{
  "final_avg_reward": 30864.537982053043,
  "final_detection_rate": 7.4,
  "best_episode_reward": 68963.65388010346,
  "best_detection_count": 14,
  "total_episodes": 50
}