{
  "final_avg_reward": 40108.47992220205,
  "final_detection_rate": 7.9,
  "best_episode_reward": 69460.90216229027,
  "best_detection_count": 17,
  "total_episodes": 50
}