{
  "final_avg_reward": 44350.060622894285,
  "final_detection_rate": 9.6,
  "best_episode_reward": 68515.60352200607,
  "best_detection_count": 17,
  "total_episodes": 50
}