{
  "final_avg_reward": 31869.651642784902,
  "final_detection_rate": 7.6,
  "best_episode_reward": 66365.62324421809,
  "best_detection_count": 16,
  "total_episodes": 50
}