{
  "final_avg_reward": 22611.152464564366,
  "final_detection_rate": 8.6,
  "best_episode_reward": 53479.22714185515,
  "best_detection_count": 16,
  "total_episodes": 50
}