{
  "final_avg_reward": 38759.21194251888,
  "final_detection_rate": 8.7,
  "best_episode_reward": 59371.55772706188,
  "best_detection_count": 13,
  "total_episodes": 50
}