{
  "final_avg_reward": 44732.95936516922,
  "final_detection_rate": 10.0,
  "best_episode_reward": 66964.58295098864,
  "best_detection_count": 16,
  "total_episodes": 50
}