{
  "final_avg_reward": 44015.08015694626,
  "final_detection_rate": 8.5,
  "best_episode_reward": 68579.32333923542,
  "best_detection_count": 16,
  "total_episodes": 50
}