{
  "final_avg_reward": 41101.62786799935,
  "final_detection_rate": 8.0,
  "best_episode_reward": 63422.479071736605,
  "best_detection_count": 14,
  "total_episodes": 50
}