{
  "final_avg_reward": 37308.45442300596,
  "final_detection_rate": 8.6,
  "best_episode_reward": 66928.76104698196,
  "best_detection_count": 16,
  "total_episodes": 50
}