{
  "final_avg_reward": 29616.71868305938,
  "final_detection_rate": 7.3,
  "best_episode_reward": 70614.30801588122,
  "best_detection_count": 16,
  "total_episodes": 50
}