{
  "final_avg_reward": 38328.98697607348,
  "final_detection_rate": 8.7,
  "best_episode_reward": 63396.447933909745,
  "best_detection_count": 15,
  "total_episodes": 50
}