{
  "final_avg_reward": 32476.12904062479,
  "final_detection_rate": 7.8,
  "best_episode_reward": 64408.52853983038,
  "best_detection_count": 15,
  "total_episodes": 50
}