{
  "final_avg_reward": 46101.97623381158,
  "final_detection_rate": 10.4,
  "best_episode_reward": 67984.21398667863,
  "best_detection_count": 18,
  "total_episodes": 50
}