{
  "final_avg_reward": 43174.70069414338,
  "final_detection_rate": 9.7,
  "best_episode_reward": 73321.44180660181,
  "best_detection_count": 18,
  "total_episodes": 50
}