{
  "final_avg_reward": 40718.171347148724,
  "final_detection_rate": 8.1,
  "best_episode_reward": 59508.15787404956,
  "best_detection_count": 13,
  "total_episodes": 50
}