{
  "final_avg_reward": 48550.43830168544,
  "final_detection_rate": 10.3,
  "best_episode_reward": 68591.57818632954,
  "best_detection_count": 15,
  "total_episodes": 50
}