{
  "final_avg_reward": 39162.72067579726,
  "final_detection_rate": 7.6,
  "best_episode_reward": 67899.33193776353,
  "best_detection_count": 16,
  "total_episodes": 50
}