{
  "final_avg_reward": 46981.79787078619,
  "final_detection_rate": 9.0,
  "best_episode_reward": 69141.53669193728,
  "best_detection_count": 13,
  "total_episodes": 50
}