{
  "final_avg_reward": 52635.21439801606,
  "final_detection_rate": 12.1,
  "best_episode_reward": 67043.32735052427,
  "best_detection_count": 19,
  "total_episodes": 50
}