{
  "final_avg_reward": 39406.12210055415,
  "final_detection_rate": 7.5,
  "best_episode_reward": 62244.43973179725,
  "best_detection_count": 17,
  "total_episodes": 50
}