{
  "final_avg_reward": 36750.39269446349,
  "final_detection_rate": 7.9,
  "best_episode_reward": 65733.56914552605,
  "best_detection_count": 16,
  "total_episodes": 50
}