{
  "final_avg_reward": 49049.923005312354,
  "final_detection_rate": 8.7,
  "best_episode_reward": 67397.28600946777,
  "best_detection_count": 15,
  "total_episodes": 50
}