{
  "final_avg_reward": 35872.701662585365,
  "final_detection_rate": 7.4,
  "best_episode_reward": 73013.05378860874,
  "best_detection_count": 16,
  "total_episodes": 50
}