{
  "final_avg_reward": 48082.72537598421,
  "final_detection_rate": 11.3,
  "best_episode_reward": 63736.11257446974,
  "best_detection_count": 16,
  "total_episodes": 50
}