{
  "final_avg_reward": 35562.24564592172,
  "final_detection_rate": 7.4,
  "best_episode_reward": 69956.60179377894,
  "best_detection_count": 21,
  "total_episodes": 50
}