{
  "final_avg_reward": 52534.61669967318,
  "final_detection_rate": 10.9,
  "best_episode_reward": 70484.09982148721,
  "best_detection_count": 14,
  "total_episodes": 50
}