{
  "final_avg_reward": 42015.442926692725,
  "final_detection_rate": 8.5,
  "best_episode_reward": 62920.30624768713,
  "best_detection_count": 16,
  "total_episodes": 50
}