{
  "final_avg_reward": 46422.801938489065,
  "final_detection_rate": 8.7,
  "best_episode_reward": 70109.08202447623,
  "best_detection_count": 16,
  "total_episodes": 50
}