{
  "final_avg_reward": 36520.42473357035,
  "final_detection_rate": 7.2,
  "best_episode_reward": 54359.32126304802,
  "best_detection_count": 16,
  "total_episodes": 50
}