{
  "final_avg_reward": 41683.015372871545,
  "final_detection_rate": 11.8,
  "best_episode_reward": 61862.93405151598,
  "best_detection_count": 16,
  "total_episodes": 50
}