{
  "final_avg_reward": 40639.42178762914,
  "final_detection_rate": 8.6,
  "best_episode_reward": 64512.677047676916,
  "best_detection_count": 18,
  "total_episodes": 50
}