{
  "final_avg_reward": 45810.439753562045,
  "final_detection_rate": 8.5,
  "best_episode_reward": 66886.19321314801,
  "best_detection_count": 16,
  "total_episodes": 50
}