{
  "final_avg_reward": 38394.66281232491,
  "final_detection_rate": 8.5,
  "best_episode_reward": 72579.37769903449,
  "best_detection_count": 15,
  "total_episodes": 50
}