{
  "final_avg_reward": 48288.60955326598,
  "final_detection_rate": 8.7,
  "best_episode_reward": 72046.57620047776,
  "best_detection_count": 15,
  "total_episodes": 50
}