{
  "final_avg_reward": 31904.03835965304,
  "final_detection_rate": 8.7,
  "best_episode_reward": 70608.28216993318,
  "best_detection_count": 22,
  "total_episodes": 50
}