{
  "final_avg_reward": 44720.24098219723,
  "final_detection_rate": 9.1,
  "best_episode_reward": 65111.568947833526,
  "best_detection_count": 17,
  "total_episodes": 50
}