{
  "final_avg_reward": 38957.59643907468,
  "final_detection_rate": 10.4,
  "best_episode_reward": 65576.7322718898,
  "best_detection_count": 15,
  "total_episodes": 50
}