{
  "final_avg_reward": 46805.575429923534,
  "final_detection_rate": 9.5,
  "best_episode_reward": 59914.28921105379,
  "best_detection_count": 14,
  "total_episodes": 50
}