{
  "final_avg_reward": 42844.888626012005,
  "final_detection_rate": 9.1,
  "best_episode_reward": 77224.07514204709,
  "best_detection_count": 14,
  "total_episodes": 50
}