{
  "final_avg_reward": 41819.709124486326,
  "final_detection_rate": 7.9,
  "best_episode_reward": 62205.9196695458,
  "best_detection_count": 16,
  "total_episodes": 50
}